# 3 run(s) averaged, 216 layers, total 373.2 ms
rank	type	name	ms_per_run	share_pct	kernel	shapes
1	Convolution	convrelu_3	37.687	10.1	3x3 s2x2	[448, 448,   6 *8] -> [224, 224,   3 *8]
2	Convolution	convrelu_18	28.723	7.7	3x3 s1x1	[224, 224,  12 *8] -> [224, 224,   3 *8]
3	Convolution	convrelu_1	28.653	7.7	2x2 s1x1	[448, 448,   3 *8] -> [448, 448,   3 *4]
4	ConvolutionDepthWise	convdw_160	15.343	4.1	7x7 s1x1	[224, 224,  12 *8] -> [224, 224,  12 *8]
5	Deconvolution	deconvrelu_0	14.340	3.8	2x2 s2x2	[224, 224,   3 *8] -> [448, 448,   3 *8]
6	Convolution	convrelu_0	14.090	3.8	3x3 s2x2	[896, 896,   3 *1] -> [448, 448,   3 *8]
7	Convolution	convrelu_2	13.383	3.6	2x2 s1x1	[448, 448,   3 *4] -> [448, 448,   3 *8]
8	Concat	cat_0	11.280	3.0	-x- s-x-	? -> ?
9	Convolution	conv_74	8.000	2.1	1x1 s1x1	[224, 224,   6 *8] -> [224, 224,  12 *8]
10	Convolution	conv_73	7.063	1.9	1x1 s1x1	[224, 224,  12 *8] -> [224, 224,   6 *8]
11	Convolution	conv_122	6.857	1.8	1x1 s1x1	[224, 224,  12 *8] -> [224, 224,   3 *8]
12	Convolution	conv_71	6.843	1.8	1x1 s1x1	[224, 224,  12 *8] -> [224, 224,   6 *8]
13	Deconvolution	deconv_130	6.093	1.6	2x2 s2x2	[448, 448,   3 *8] -> [896, 896,   1 *1]
14	Convolution	conv_72	5.827	1.6	1x1 s1x1	[224, 224,   6 *8] -> [224, 224,  12 *8]
15	Convolution	conv_70	5.740	1.5	1x1 s1x1	[224, 224,   6 *8] -> [224, 224,  12 *8]
16	Convolution	conv_82	5.403	1.4	1x1 s1x1	[112, 112,  24 *8] -> [112, 112,  12 *8]
17	BinaryOp	add_28	5.187	1.4	-x- s-x-	? -> ?
18	Convolution	conv_84	5.073	1.4	1x1 s1x1	[112, 112,  24 *8] -> [112, 112,  12 *8]
19	Pooling	maxpool2d_40	4.743	1.3	-x- s-x-	[449, 449,   3 *8] -> [448, 448,   3 *8]
20	Convolution	conv_81	4.517	1.2	1x1 s1x1	[112, 112,  12 *8] -> [112, 112,  24 *8]
21	Convolution	conv_83	4.430	1.2	1x1 s1x1	[112, 112,  12 *8] -> [112, 112,  24 *8]
22	Convolution	conv_93	4.193	1.1	1x1 s1x1	[ 56,  56,  48 *8] -> [ 56,  56,  24 *8]
23	Padding	pad_41	4.137	1.1	-x- s-x-	[448, 448,   3 *8] -> [449, 449,   3 *8]
24	Convolution	conv_95	4.030	1.1	1x1 s1x1	[ 56,  56,  48 *8] -> [ 56,  56,  24 *8]
25	Convolution	conv_99	3.980	1.1	1x1 s1x1	[ 56,  56,  48 *8] -> [ 56,  56,  24 *8]
26	Convolution	conv_101	3.847	1.0	1x1 s1x1	[ 56,  56,  48 *8] -> [ 56,  56,  24 *8]
27	ConvolutionDepthWise	convdw_159	3.757	1.0	7x7 s1x1	[112, 112,  12 *8] -> [112, 112,  12 *8]
28	BinaryOp	add_29	3.727	1.0	-x- s-x-	? -> ?
29	Convolution	conv_112	3.693	1.0	1x1 s1x1	[ 28,  28,  96 *8] -> [ 28,  28,  48 *8]
30	Convolution	conv_85	3.527	0.9	1x1 s1x1	[112, 112,  12 *8] -> [112, 112,  12 *8]
31	Convolution	conv_98	3.417	0.9	1x1 s1x1	[ 56,  56,  24 *8] -> [ 56,  56,  48 *8]
32	Convolution	conv_92	3.403	0.9	1x1 s1x1	[ 56,  56,  24 *8] -> [ 56,  56,  48 *8]
33	Convolution	conv_110	3.377	0.9	1x1 s1x1	[ 28,  28,  96 *8] -> [ 28,  28,  48 *8]
34	Convolution	conv_94	3.287	0.9	1x1 s1x1	[ 56,  56,  24 *8] -> [ 56,  56,  48 *8]
35	Convolution	conv_100	3.217	0.9	1x1 s1x1	[ 56,  56,  24 *8] -> [ 56,  56,  48 *8]
36	GELU	gelu_8	3.203	0.9	-x- s-x-	[224, 224,  12 *8] -> [224, 224,  12 *8]
37	Concat	cat_1	3.167	0.8	-x- s-x-	? -> ?
38	ConvolutionDepthWise	convdw_144	3.137	0.8	3x3 s1x1	[224, 224,   6 *8] -> [224, 224,   6 *8]
39	Convolution	conv_111	3.063	0.8	1x1 s1x1	[ 28,  28,  48 *8] -> [ 28,  28,  96 *8]
40	Convolution	convrelu_4	3.057	0.8	1x1 s1x1	[224, 224,   3 *8] -> [224, 224,   6 *8]
