# 3 run(s) averaged, 164 layers, total 43.2 ms
rank	type	name	ms_per_run	share_pct	kernel	shapes
1	Gemm	gemm_8	2.400	5.6	-x- s-x-	[120,  54 *1] -> [13353,  54 *1]
2	Convolution	conv_75	2.197	5.1	1x1 s1x1	[108,   3,  48 *8] -> [108,   3,  96 *8]
3	Convolution	conv_73	2.123	4.9	1x1 s1x1	[108,   3,  48 *8] -> [108,   3,  96 *8]
4	Convolution	conv_76	2.027	4.7	1x1 s1x1	[108,   3,  96 *8] -> [108,   3,  48 *8]
5	Convolution	convrelu_3	1.930	4.5	3x3 s2x2	[216,  24,  12 *8] -> [108,  12,   6 *8]
6	Convolution	conv_74	1.923	4.5	1x1 s1x1	[108,   3,  96 *8] -> [108,   3,  48 *8]
7	Convolution	conv_59	1.400	3.2	1x1 s1x1	[108,   6,  24 *8] -> [108,   6,  48 *8]
8	Convolution	conv_55	1.347	3.1	1x1 s1x1	[108,   6,  24 *8] -> [108,   6,  48 *8]
9	Convolution	conv_53	1.313	3.0	1x1 s1x1	[108,   6,  24 *8] -> [108,   6,  48 *8]
10	Convolution	conv_61	1.240	2.9	1x1 s1x1	[108,   6,  24 *8] -> [108,   6,  48 *8]
11	Convolution	conv_67	1.213	2.8	1x1 s1x1	[108,   6,  24 *8] -> [108,   6,  48 *8]
12	Convolution	conv_65	1.193	2.8	1x1 s1x1	[108,   6,  24 *8] -> [108,   6,  48 *8]
13	Convolution	conv_60	1.100	2.5	1x1 s1x1	[108,   6,  48 *8] -> [108,   6,  24 *8]
14	Convolution	conv_56	1.057	2.4	1x1 s1x1	[108,   6,  48 *8] -> [108,   6,  24 *8]
15	Convolution	conv_54	1.043	2.4	1x1 s1x1	[108,   6,  48 *8] -> [108,   6,  24 *8]
16	Convolution	conv_62	1.043	2.4	1x1 s1x1	[108,   6,  48 *8] -> [108,   6,  24 *8]
17	Convolution	convrelu_1	1.037	2.4	2x2 s1x1	[217,  25,   6 *8] -> [216,  24,   3 *8]
18	Convolution	conv_66	1.000	2.3	1x1 s1x1	[108,   6,  48 *8] -> [108,   6,  24 *8]
19	Convolution	conv_68	0.990	2.3	1x1 s1x1	[108,   6,  48 *8] -> [108,   6,  24 *8]
20	Convolution	conv_70	0.947	2.2	1x1 s1x1	[108,   3,  48 *8] -> [108,   3,  48 *8]
21	Convolution	conv_47	0.920	2.1	1x1 s1x1	[108,  12,  12 *8] -> [108,  12,  24 *8]
22	Convolution	conv_45	0.917	2.1	1x1 s1x1	[108,  12,  12 *8] -> [108,  12,  24 *8]
23	Convolution	convrelu_0	0.870	2.0	3x3 s2x2	[432,  48,   3 *1] -> [216,  24,   6 *8]
24	Convolution	conv_43	0.867	2.0	1x1 s1x1	[108,  12,  12 *8] -> [108,  12,  24 *8]
25	Convolution	convrelu_2	0.743	1.7	2x2 s1x1	[216,  24,   3 *8] -> [216,  24,   6 *8]
26	Convolution	conv_46	0.640	1.5	1x1 s1x1	[108,  12,  24 *8] -> [108,  12,  12 *8]
27	Convolution	conv_44	0.630	1.5	1x1 s1x1	[108,  12,  24 *8] -> [108,  12,  12 *8]
28	Convolution	conv_48	0.587	1.4	1x1 s1x1	[108,  12,  24 *8] -> [108,  12,  12 *8]
29	Convolution	conv_69	0.580	1.3	1x1 s1x1	[108,   3,  24 *8] -> [108,   3,  48 *8]
30	Convolution	conv_50	0.537	1.2	1x1 s1x1	[108,   6,  24 *8] -> [108,   6,  24 *8]
