model	width	config	best_ms	vs_base_pct	speedup	spread_pct	med_ms	worst_med_ms	stable	bitident	maxabs	iou03	argmax_diff	ck	text	error
rec	64	baseline (app config)	6.63	-12.65	1.145	12.2	7.088	7.437	ok	0	-1	-1.000000	-1	95e352838f706137		
rec	64	threads=2	4.202	-44.64	1.806	130.7	9.005	9.694	ok	1	0	-1.000000	0	95e352838f706137		
rec	64	threads=3	3.153	-58.46	2.407	503.3	3.541	19.021	ok	1	0	-1.000000	0	95e352838f706137		
rec	64	threads=4	3.149	-58.51	2.41	11596.0	12.717	368.308	ok	1	0	-1.000000	0	95e352838f706137		
rec	64	int8 inference OFF (weights are int8)														exit -11
rec	64	fp16 storage+arith on (rejected on device)	6.74	-11.2	1.126	7.8	7.186	7.265	ok	1	0	-1.000000	0	95e352838f706137		
rec	64	fp16_packed only	6.641	-12.5	1.143	9.0	7.164	7.239	ok	1	0	-1.000000	0	95e352838f706137		
rec	64	bf16_storage on	6.915	-8.89	1.098	10.1	7.604	7.616	ok	0	1.08604	-1.000000	0	1137c60916452654		
rec	64	winograd off	6.18	-18.58	1.228	19.8	7.15	7.401	ok	1	0	-1.000000	0	95e352838f706137		
rec	64	sgemm off	9.988	31.59	0.76	7.6	10.42	10.747	ok	1	0	-1.000000	0	95e352838f706137		
rec	64	packing off	7.328	-3.45	1.036	21.7	8.082	8.917	ok	0	1.54137	-1.000000	0	d0c39086e0d2aa30		
rec	64	light mode off	6.963	-8.26	1.09	21.7	7.717	8.476	ok	1	0	-1.000000	0	95e352838f706137		
rec	64	denormals off (FTZ/DAZ=0)	6.506	-14.28	1.167	13.8	7.082	7.406	ok	1	0	-1.000000	0	95e352838f706137		
rec	64	blocktime 0	6.751	-11.05	1.124	11.2	7.239	7.505	ok	1	0	-1.000000	0	95e352838f706137		
rec	64	cpu_powersave=1	6.67	-12.12	1.138	24.7	7.345	8.315	ok	1	0	-1.000000	0	95e352838f706137		
rec	128	baseline (app config)	10.963	-16.01	1.191	27.8	11.177	14.016	ok	0	-1	-1.000000	-1	866cb0bd70036208	街道沿いに宽屋があるよ。	
rec	128	threads=2	6.248	-52.13	2.089	193.9	6.57	18.365	ok	1	0	-1.000000	0	866cb0bd70036208	街道沿いに宽屋があるよ。	
rec	128	threads=3	4.62	-64.6	2.825	163.7	4.828	12.181	ok	1	0	-1.000000	0	866cb0bd70036208	街道沿いに宽屋があるよ。	
rec	128	threads=4	3.883	-70.25	3.361	571.3	4.143	26.065	ok	1	0	-1.000000	0	866cb0bd70036208	街道沿いに宽屋があるよ。	
rec	128	int8 inference OFF (weights are int8)														exit -11
rec	128	fp16 storage+arith on (rejected on device)	11.124	-14.77	1.173	17.3	11.224	13.049	ok	1	0	-1.000000	0	866cb0bd70036208	街道沿いに宽屋があるよ。	
rec	128	fp16_packed only	11.042	-15.4	1.182	19.7	11.463	13.219	ok	1	0	-1.000000	0	866cb0bd70036208	街道沿いに宽屋があるよ。	
rec	128	bf16_storage on	11.547	-11.53	1.13	15.7	11.839	13.355	ok	0	2.33557	-1.000000	0	4b10c3a56292d668	街道沿いに宽屋があるよ。	
rec	128	winograd off	11.105	-14.92	1.175	3.8	11.236	11.529	ok	1	0	-1.000000	0	866cb0bd70036208	街道沿いに宽屋があるよ。	
rec	128	sgemm off	17.726	35.81	0.736	3.0	18.108	18.266	ok	1	0	-1.000000	0	866cb0bd70036208	街道沿いに宽屋があるよ。	
rec	128	packing off	12.435	-4.73	1.05	4.3	12.654	12.973	ok	0	2.09414	-1.000000	0	6d3827ce2c4f3b02	街道沿いに宽屋があるよ。	
rec	128	light mode off	11.87	-9.06	1.1	6.3	12.185	12.613	ok	1	0	-1.000000	0	866cb0bd70036208	街道沿いに宽屋があるよ。	
rec	128	denormals off (FTZ/DAZ=0)	10.96	-16.03	1.191	6.6	11.184	11.685	ok	1	0	-1.000000	0	866cb0bd70036208	街道沿いに宽屋があるよ。	
rec	128	blocktime 0	10.871	-16.71	1.201	5.6	11.268	11.482	ok	1	0	-1.000000	0	866cb0bd70036208	街道沿いに宽屋があるよ。	
rec	128	cpu_powersave=1	11.089	-15.04	1.177	5.1	11.162	11.649	ok	1	0	-1.000000	0	866cb0bd70036208	街道沿いに宽屋があるよ。	
rec	256	baseline (app config)	21.467	-1.95	1.02	24.0	23.014	26.62	ok	0	-1	-1.000000	-1	fdfe5c6bae916587	街道沿いに宽屋があるよ。	
rec	256	threads=2	11.94	-45.46	1.834	25.1	13.066	14.931	ok	1	0	-1.000000	0	fdfe5c6bae916587	街道沿いに宽屋があるよ。	
rec	256	threads=3	8.494	-61.2	2.578	27.7	8.668	10.85	ok	1	0	-1.000000	0	fdfe5c6bae916587	街道沿いに宽屋があるよ。	
rec	256	threads=4	6.93	-68.35	3.159	36.7	7.558	9.474	ok	1	0	-1.000000	0	fdfe5c6bae916587	街道沿いに宽屋があるよ。	
rec	256	int8 inference OFF (weights are int8)														exit -11
rec	256	fp16 storage+arith on (rejected on device)	21.765	-0.59	1.006	16.7	22.852	25.405	ok	1	0	-1.000000	0	fdfe5c6bae916587	街道沿いに宽屋があるよ。	
rec	256	fp16_packed only	21.784	-0.5	1.005	20.1	22.578	26.152	ok	1	0	-1.000000	0	fdfe5c6bae916587	街道沿いに宽屋があるよ。	
rec	256	bf16_storage on	22.899	4.59	0.956	10.9	24.598	25.385	ok	0	2.171	-1.000000	0	fa8f17982ef44317	街道沿いに宽屋があるよ。	
rec	256	winograd off	21.854	-0.18	1.002	14.2	22.671	24.957	ok	1	0	-1.000000	0	fdfe5c6bae916587	街道沿いに宽屋があるよ。	
rec	256	sgemm off	37.3	70.37	0.587	14.3	38.057	42.626	ok	1	0	-1.000000	0	fdfe5c6bae916587	街道沿いに宽屋があるよ。	
rec	256	packing off	23.864	9.0	0.917	15.8	24.24	27.625	ok	0	2.18412	-1.000000	0	9f03d0b98e9c1403	街道沿いに宽屋があるよ。	
rec	256	light mode off	23.257	6.23	0.941	13.1	24.068	26.299	ok	1	0	-1.000000	0	fdfe5c6bae916587	街道沿いに宽屋があるよ。	
rec	256	denormals off (FTZ/DAZ=0)	21.785	-0.5	1.005	13.4	22.243	24.708	ok	1	0	-1.000000	0	fdfe5c6bae916587	街道沿いに宽屋があるよ。	
rec	256	blocktime 0	21.658	-1.08	1.011	25.9	23.498	27.27	ok	1	0	-1.000000	0	fdfe5c6bae916587	街道沿いに宽屋があるよ。	
rec	256	cpu_powersave=1	21.754	-0.64	1.006	20.7	24.284	26.252	ok	1	0	-1.000000	0	fdfe5c6bae916587	街道沿いに宽屋があるよ。	
rec	432	baseline (app config)	36.776	-8.93	1.098	18.4	39.202	43.561	ok	0	-1	-1.000000	-1	a079a616f2252acd	街道沿いに宽屋があるよ。	
rec	432	threads=2	19.951	-50.6	2.024	27.7	20.164	25.482	ok	1	0	-1.000000	0	a079a616f2252acd	街道沿いに宽屋があるよ。	
rec	432	threads=3	14.307	-64.57	2.823	28.0	14.756	18.31	ok	1	0	-1.000000	0	a079a616f2252acd	街道沿いに宽屋があるよ。	
rec	432	threads=4	11.536	-71.43	3.501	32.2	12.02	15.251	ok	1	0	-1.000000	0	a079a616f2252acd	街道沿いに宽屋があるよ。	
rec	432	int8 inference OFF (weights are int8)														exit -11
rec	432	fp16 storage+arith on (rejected on device)	36.927	-8.56	1.094	10.4	37.884	40.772	ok	1	0	-1.000000	0	a079a616f2252acd	街道沿いに宽屋があるよ。	
rec	432	fp16_packed only	36.698	-9.13	1.1	14.9	38.552	42.184	ok	1	0	-1.000000	0	a079a616f2252acd	街道沿いに宽屋があるよ。	
rec	432	bf16_storage on	38.779	-3.97	1.041	13.8	40.361	44.14	ok	0	2.21312	-1.000000	1	78c71cae793706f5	街道沿いに宽屋があるよ。	
rec	432	winograd off	37.057	-8.24	1.09	17.3	38.315	43.471	ok	1	0	-1.000000	0	a079a616f2252acd	街道沿いに宽屋があるよ。	
rec	432	sgemm off	61.482	52.25	0.657	12.0	62.706	68.835	ok	1	0	-1.000000	0	a079a616f2252acd	街道沿いに宽屋があるよ。	
rec	432	packing off	40.751	0.91	0.991	16.1	41.093	47.323	ok	0	2.21339	-1.000000	0	18d03de1bd3a2307	街道沿いに宽屋があるよ。	
rec	432	light mode off	38.241	-5.3	1.056	4.2	39.632	39.866	ok	1	0	-1.000000	0	a079a616f2252acd	街道沿いに宽屋があるよ。	
rec	432	denormals off (FTZ/DAZ=0)	36.579	-9.42	1.104	5.9	37.188	38.721	ok	1	0	-1.000000	0	a079a616f2252acd	街道沿いに宽屋があるよ。	
rec	432	blocktime 0	36.759	-8.97	1.099	8.6	37.132	39.938	ok	1	0	-1.000000	0	a079a616f2252acd	街道沿いに宽屋があるよ。	
rec	432	cpu_powersave=1	36.864	-8.71	1.095	14.5	37.262	42.203	ok	1	0	-1.000000	0	a079a616f2252acd	街道沿いに宽屋があるよ。	
rec	728	baseline (app config)	64.332	-2.93	1.03	16.6	68.362	74.989	ok	0	-1	-1.000000	-1	19d605eafbd6f93a	街道沿いに宽屋があるよ。	
rec	728	threads=2	34.511	-47.93	1.92	25.8	38.886	43.423	ok	1	0	-1.000000	0	19d605eafbd6f93a	街道沿いに宽屋があるよ。	
rec	728	threads=3	24.99	-62.29	2.652	364.6	29.734	116.097	ok	1	0	-1.000000	0	19d605eafbd6f93a	街道沿いに宽屋があるよ。	
rec	728	threads=4	21.058	-68.23	3.147	309.8	33.222	86.296	ok	1	0	-1.000000	0	19d605eafbd6f93a	街道沿いに宽屋があるよ。	
rec	728	int8 inference OFF (weights are int8)														exit -11
rec	728	fp16 storage+arith on (rejected on device)	64.392	-2.84	1.029	21.4	74.351	78.184	ok	1	0	-1.000000	0	19d605eafbd6f93a	街道沿いに宽屋があるよ。	
rec	728	fp16_packed only	64.291	-2.99	1.031	23.4	73.471	79.365	ok	1	0	-1.000000	0	19d605eafbd6f93a	街道沿いに宽屋があるよ。	
rec	728	bf16_storage on	69.861	5.41	0.949	16.1	77.569	81.109	ok	0	2.42143	-1.000000	0	ac8ee8ac1d2a543b	街道沿いに宽屋があるよ。	
rec	728	winograd off	63.754	-3.8	1.04	22.3	73.483	77.975	ok	1	0	-1.000000	0	19d605eafbd6f93a	街道沿いに宽屋があるよ。	
rec	728	sgemm off	107.41	62.07	0.617	12.7	114.556	121.004	ok	1	0	-1.000000	0	19d605eafbd6f93a	街道沿いに宽屋があるよ。	
rec	728	packing off	69.754	5.25	0.95	18.3	74.357	82.516	ok	0	2.51701	-1.000000	0	44f3733517092b99	街道沿いに宽屋があるよ。	
rec	728	light mode off	67.567	1.95	0.981	19.1	76.424	80.455	ok	1	0	-1.000000	0	19d605eafbd6f93a	街道沿いに宽屋があるよ。	
rec	728	denormals off (FTZ/DAZ=0)	66.681	0.62	0.994	14.7	75.902	76.462	ok	1	0	-1.000000	0	19d605eafbd6f93a	街道沿いに宽屋があるよ。	
rec	728	blocktime 0	67.353	1.63	0.984	12.5	74.292	75.78	ok	1	0	-1.000000	0	19d605eafbd6f93a	街道沿いに宽屋があるよ。	
rec	728	cpu_powersave=1	66.86	0.89	0.991	12.6	74.021	75.263	ok	1	0	-1.000000	0	19d605eafbd6f93a	街道沿いに宽屋があるよ。	
